INSERT INTO customer (customer_id,c_name,address,zipcode,email_id,ph_no) VALUES ("19753762","Zeus Hancock","7822 Faucibus St.","34458","ut.cursus.luctus@metusIn.net","143077524"),("25155854","Lucas Patton","264-7709 Dictum Rd.","202387","habitant@tellus.net","334197022"),("12394942","Amos Keith","612-2871 Proin Rd.","31679","libero.dui@venenatis.com","917129191"),("40259366","Tarik Cantrell","373-155 Luctus Avenue","9209","non.egestas@quispedeSuspendisse.org","562165652"),("26589119","Dillon Avila","572-8624 Lorem Street","804220","pharetra@Maecenasmalesuada.edu","228347606"),("25689486","Preston Gaines","645-5683 Pharetra Avenue","27-006","non@Nam.net","483578313"),("46276893","Dane Whitaker","P.O. Box 805, 2087 Ornare. Street","12347","orci.tincidunt@elitelit.com","897063663"),("13194919","Wylie Merrill","P.O. Box 851, 8998 Tincidunt Rd.","8857","ligula.consectetuer@semPellentesqueut.ca","833812248"),("30914016","Chaim Estrada","571-3739 Non Street","32233","velit.justo@tinciduntadipiscing.co.uk","838921278"),("9230968","Adam Rocha","5363 Dolor, Rd.","7496","in.faucibus.orci@uteratSed.ca","992084796"),("9968259","Ishmael Fields","245-3585 Diam. Road","61902-00104","est.congue.a@nonummyultricies.org","955363189"),("25304250","Dillon Austin","Ap #880-5967 Urna Ave","5093","nibh@mi.org","522489384"),("35697065","Dillon Carr","159-1519 Mollis Avenue","85681-429","neque.et@necluctusfelis.org","609693431"),("12946837","Curran Ayers","827-4796 Posuere Road","ID96 7JJ","Suspendisse.sed.dolor@Quisquenonummy.net","331307725"),("20732208","Leo Dorsey","9012 Sed Road","45283","nulla@amalesuadaid.net","795301767"),("15127350","Isaac Hawkins","2034 Amet Road","28324","semper.cursus.Integer@augue.edu","844860620"),("41206337","Simon Hoover","P.O. Box 587, 4771 Nunc St.","731375","massa@acrisusMorbi.co.uk","933985411"),("29111843","Hammett Cooley","P.O. Box 275, 6410 Dictum Road","519756","lacinia.mattis@lobortis.edu","609601903"),("38314484","Wyatt Macdonald","Ap #555-7924 Nam Rd.","49104","aliquet@noncursus.edu","492014253"),("22266607","Brandon Haley","Ap #185-3080 Nullam Rd.","664765","Donec.consectetuer.mauris@Mauriseu.net","208032303"),("19782669","Amos Rollins","106-453 Tincidunt Ave","79461-27449","felis.Donec@Etiamlaoreetlibero.com","828274382"),("21901772","Marvin Meyers","P.O. Box 589, 3916 Tincidunt Street","474395","Cras.sed.leo@nonlaciniaat.com","084590404"),("24615895","Marvin Franklin","P.O. Box 598, 7030 Magna. Rd.","99424","enim.Suspendisse@mauris.co.uk","695728146"),("19569584","Porter Bishop","Ap #418-5200 Sed, Rd.","14723","est.congue@bibendumsed.co.uk","738267973"),("32011854","Sebastian Zamora","Ap #474-5352 Quis, Avenue","4618","Quisque.imperdiet@eu.co.uk","917457419"),("22525187","Xanthus Kane","648-9416 Auctor Avenue","982774","rutrum@Sed.ca","216463608"),("45582816","Dillon Bray","Ap #322-4872 Amet Rd.","857289","eu.ultrices@Sed.net","920878883"),("6234619","Jesse Simpson","P.O. Box 708, 909 Lacus. Street","4618","vulputate@DonecegestasDuis.ca","994844005"),("35974600","Judah Nash","729-9571 Sed Road","120338","in.cursus@sit.ca","931336877"),("29840036","Jamal Roman","P.O. Box 982, 9213 Magna Avenue","10478","ac@cursusdiamat.net","151228164");
INSERT INTO membership(
  m_customer_id, m_id, reward_points
) 
VALUES 
  (6234619, 93382307, 843);
/* INSERT QUERY */
INSERT INTO membership(
  m_customer_id, m_id, reward_points
) 
VALUES 
  (9230968, 12890850, 23);
/* INSERT QUERY */
INSERT INTO membership(
  m_customer_id, m_id, reward_points
) 
VALUES 
  (9968259, 89817940, 54);
/* INSERT QUERY */
INSERT INTO membership(
  m_customer_id, m_id, reward_points
) 
VALUES 
  (12394942, 81132217, 175);
/* INSERT QUERY */
INSERT INTO membership(
  m_customer_id, m_id, reward_points
) 
VALUES 
  (12946837, 32654366, 534);
/* INSERT QUERY */
INSERT INTO membership(
  m_customer_id, m_id, reward_points
) 
VALUES 
  (13194919, 560222076, 165);
/* INSERT QUERY */
INSERT INTO membership(
  m_customer_id, m_id, reward_points
) 
VALUES 
  (15127350, 357193444, 456);
/* INSERT QUERY */
INSERT INTO membership(
  m_customer_id, m_id, reward_points
) 
VALUES 
  (19569584, 491722894, 576);
/* INSERT QUERY */
INSERT INTO membership(
  m_customer_id, m_id, reward_points
) 
VALUES 
  (19753762, 353257735, 995);
/* INSERT QUERY */
INSERT INTO membership(
  m_customer_id, m_id, reward_points
) 
VALUES 
  (19782669, 374283413, 345);
/* INSERT QUERY */
INSERT INTO membership(
  m_customer_id, m_id, reward_points
) 
VALUES 
  (20732208, 353453035, 220);
/* INSERT QUERY */
INSERT INTO membership(
  m_customer_id, m_id, reward_points
) 
VALUES 
  (21901772, 358721957, 543);
/* INSERT QUERY */
INSERT INTO membership(
  m_customer_id, m_id, reward_points
) 
VALUES 
  (22266607, 551889289, 683);
/* INSERT QUERY */
INSERT INTO membership(
  m_customer_id, m_id, reward_points
) 
VALUES 
  (22525187, 401795337, 920);



select * from membership;

INSERT INTO non_membership(non_customer_id) 
VALUES 
  (24615895);
/* INSERT QUERY */
INSERT INTO non_membership(non_customer_id) 
VALUES 
  (25155854);
/* INSERT QUERY */
INSERT INTO non_membership(non_customer_id) 
VALUES 
  (25304250);
/* INSERT QUERY */
INSERT INTO non_membership(non_customer_id) 
VALUES 
  (25689486);
/* INSERT QUERY */
INSERT INTO non_membership(non_customer_id) 
VALUES 
  (26589119);
/* INSERT QUERY */
INSERT INTO non_membership(non_customer_id) 
VALUES 
  (29111843);
/* INSERT QUERY */
INSERT INTO non_membership(non_customer_id) 
VALUES 
  (29840036);
/* INSERT QUERY */
INSERT INTO non_membership(non_customer_id) 
VALUES 
  (30914016);
/* INSERT QUERY */
INSERT INTO non_membership(non_customer_id) 
VALUES 
  (32011854);
/* INSERT QUERY */
INSERT INTO non_membership(non_customer_id) 
VALUES 
  (35697065);
/* INSERT QUERY */
INSERT INTO non_membership(non_customer_id) 
VALUES 
  (35974600);
/* INSERT QUERY */
INSERT INTO non_membership(non_customer_id) 
VALUES 
  (38314484);
/* INSERT QUERY */
INSERT INTO non_membership(non_customer_id) 
VALUES 
  (40259366);
/* INSERT QUERY */
INSERT INTO non_membership(non_customer_id) 
VALUES 
  (41206337);
/* INSERT QUERY */
INSERT INTO non_membership(non_customer_id) 
VALUES 
  (45582816);
/* INSERT QUERY */
INSERT INTO non_membership(non_customer_id) 
VALUES 
  (46276893);
select m_id from membership;


insert into payment (payment_id, payment_type,m_id) values ('35662463700502', 'jcb','93382307');
insert into payment (payment_id, payment_type,m_id) values ('35537830003422', 'jcb','12890850');
insert into payment (payment_id, payment_type,m_id) values ('35804778775152', 'jcb','89817940');
insert into payment (payment_id, payment_type,m_id) values ('54107321493665', 'diners-club-us-ca','81132217');
insert into payment (payment_id, payment_type,m_id) values ('50203451147367', 'maestro','32654366');

insert into payment (payment_id, payment_type,m_id) values ('49170971013061', 'visa-electron','560222076');

insert into payment (payment_id, payment_type,m_id) values ('67623851404138', 'maestro','357193444');
insert into payment (payment_id, payment_type,m_id) values ('35689427587986', 'jcb','491722894');
insert into payment (payment_id, payment_type,m_id) values ('35441188119124', 'jcb','353257735');
insert into payment (payment_id, payment_type,m_id) values ('51001366471163', 'mastercard','358721957');
insert into payment (payment_id, payment_type,m_id) values ('35293090540247', 'jcb','551889289');
insert into payment (payment_id, payment_type,m_id) values ('35330701483356', 'jcb','401795337');
insert into payment (payment_id, payment_type,m_id) values ('41005086999196', 'visa');

insert into payment (payment_id, payment_type) values ('35614931760995', 'jcb');

insert into payment (payment_id, payment_type) values ('52331613883055', 'mastercard');
insert into payment (payment_id, payment_type) values ('67060358858063', 'laser');
insert into payment (payment_id, payment_type) values ('50101225057286', 'mastercard');
insert into payment (payment_id, payment_type) values ('51087545777516', 'mastercard');
insert into payment (payment_id, payment_type) values ('35700038550464', 'jcb');
insert into payment (payment_id, payment_type) values ('35666784602783', 'jcb');
insert into payment (payment_id, payment_type) values ('35311383695404', 'jcb');
insert into payment (payment_id, payment_type) values ('35617834702536', 'jcb');
insert into payment (payment_id, payment_type) values ('30517341257084', 'diners-club-carte');
insert into payment (payment_id, payment_type) values ('35870283850935', 'jcb');
insert into payment (payment_id, payment_type) values ('35710420579664', 'jcb');
insert into payment (payment_id, payment_type) values ('35456444478716', 'jcb');
insert into payment (payment_id, payment_type) values ('67624302570119', 'maestro');
insert into payment (payment_id, payment_type) values ('372301316930793', 'americanexpress');
insert into payment (payment_id, payment_type) values ('56022445304396', 'china-unionpay');
insert into payment (payment_id, payment_type) values ('35860449158104', 'jcb');
insert into payment (payment_id, payment_type) values ('35362899520958', 'jcb');
insert into payment (payment_id, payment_type) values ('35336096332656', 'jcb');
insert into payment (payment_id, payment_type) values ('58932583632489', 'maestro');
insert into payment (payment_id, payment_type) values ('50206802799760', 'maestro');
insert into payment (payment_id, payment_type) values ('67639166678711', 'maestro');
insert into payment (payment_id, payment_type) values ('67710653986958', 'laser');
insert into payment (payment_id, payment_type) values ('56022520300938', 'laser');
insert into payment (payment_id, payment_type) values ('49138617994986', 'visa-electron');
insert into payment (payment_id, payment_type) values ('50483723022331', 'mastercard');
insert into payment (payment_id, payment_type) values ('56022458899475', 'china-unionpay');
insert into payment (payment_id, payment_type) values ('35874152217580', 'jcb');
insert into payment (payment_id, payment_type) values ('35858363778506', 'jcb');
insert into payment (payment_id, payment_type) values ('49057710727984', 'switch');
insert into payment (payment_id, payment_type) values ('51001492582277', 'mastercard');

insert into payment (payment_id, payment_type) values ('26126000037986', 'visa');
insert into payment (payment_id, payment_type) values ('66126000037986', 'visa');
insert into payment (payment_id, payment_type) values ('66126007037986', 'jcb');
insert into payment (payment_id, payment_type) values ('26126111037986', 'visa');
insert into payment (payment_id, payment_type) values ('36126007037986', 'jcb');
insert into payment (payment_id, payment_type) values ('56116000037986', 'visa');
insert into payment (payment_id, payment_type) values ('46166007037986', 'jcb');
insert into payment (payment_id, payment_type) values ('54166007037986', 'visa');
insert into payment (payment_id, payment_type) values ('34166007037999', 'mastercard');
insert into payment (payment_id, payment_type) values ('57804778775152', 'mastercard');






insert into cart (order_id, total_cost,payment_id) values ('512600932-2', '1000.87','34166007037999');
insert into cart (order_id, total_cost,payment_id) values ('431069777-2', '293.99','26126000037986');
insert into cart (order_id, total_cost,payment_id) values ('415679512-8', '746.47','49138617994986');
insert into cart (order_id, total_cost,payment_id) values ('769127119-0', '918.74','67639166678711');
insert into cart (order_id, total_cost,payment_id) values ('005538668-7', '984.09','58932583632489');
insert into cart (order_id, total_cost,payment_id) values ('769961623-5', '882.85','56022445304396');
insert into cart (order_id, total_cost,payment_id) values ('618052105-0', '550.77','372301316930793');

insert into cart (order_id, total_cost,payment_id) values ('965806599-6', '920.88','35537830003422');
insert into cart (order_id, total_cost,payment_id) values ('781397319-4', '189.41','51001492582277');
insert into cart (order_id, total_cost,payment_id) values ('435710153-0', '636.32','35858363778506');
insert into cart (order_id, total_cost,payment_id) values ('635175938-2', '682.24','49057710727984');
insert into cart (order_id, total_cost,payment_id) values ('535425884-7', '971.52','56022520300938');
insert into cart (order_id, total_cost,payment_id) values ('459161795-6', '101.38','35860449158104');

insert into cart (order_id, total_cost,payment_id) values ('641573058-4', '485.66','35362899520958');
insert into cart (order_id, total_cost,payment_id) values ('680223862-4', '747.21','66126000037986');

insert into cart (order_id, total_cost,payment_id) values ('112558369-X', '813.10','67624302570119');
insert into cart (order_id, total_cost,payment_id) values ('620731637-1', '10.46','35456444478716');
insert into cart (order_id, total_cost,payment_id) values ('500941441-4', '441.58','35710420579664');
insert into cart (order_id, total_cost,payment_id) values ('408278400-4', '111.69','35870283850935');
insert into cart (order_id, total_cost,payment_id) values ('671211486-1', '257.48','30517341257084');
insert into cart (order_id, total_cost,payment_id) values ('455340841-4', '70.25','35617834702536');




insert into cart (order_id, total_cost,payment_id) values ('244066966-0', '21.46','50101225057286');
insert into cart (order_id, total_cost,payment_id) values ('446688955-4', '963.42','67060358858063');
insert into cart (order_id, total_cost,payment_id) values ('665177998-2', '941.29','52331613883055');
insert into cart (order_id, total_cost,payment_id) values ('853884795-3', '27.99','66126007037986');
insert into cart (order_id, total_cost,payment_id) values ('435840050-7', '801.44','35614931760995');



insert into cart (order_id, total_cost,payment_id) values ('112301723-9', '167.51','46166007037986');




UPDATE cart SET total_cost = "900.65" WHERE order_id = "415679512-8"; 




insert into shipping (tracking_id, shipping_date, shipper_ph,order_id) values ('0603-2116', '2020-03-03', '9211109400','535425884-7');


insert into shipping (tracking_id, shipping_date, shipper_ph,order_id) values ('64205-106', '2019-03-03', '9856650918','641573058-4');
insert into shipping (tracking_id, shipping_date, shipper_ph,order_id) values ('53723-0001', '2020-02-10', '8271007991','112558369-X');
insert into shipping (tracking_id, shipping_date, shipper_ph,order_id) values ('63029-661', '2019-11-26', '2028515246','620731637-1');
insert into shipping (tracking_id, shipping_date, shipper_ph,order_id) values ('53489-406', '2019-08-07', '9688601290','500941441-4');
insert into shipping (tracking_id, shipping_date, shipper_ph,order_id) values ('51801-012', '2019-11-10', '7366971014','408278400-4');
insert into shipping (tracking_id, shipping_date, shipper_ph,order_id) values ('0378-1570', '2019-09-17', '1152888435','671211486-1');
insert into shipping (tracking_id, shipping_date, shipper_ph,order_id) values ('54458-925', '2019-08-28', '1625097205','455340841-4');
insert into shipping (tracking_id, shipping_date, shipper_ph,order_id) values ('57664-851', '2019-12-10', '4905805174','941606751-2');
insert into shipping (tracking_id, shipping_date, order_id) values ('60951-933', '2020-02-22', '988441136-0');
insert into shipping (tracking_id, shipping_date, shipper_ph,order_id) values ('55992-717', '2020-01-26', '3355765424','425598468-9');
insert into shipping (tracking_id, shipping_date, shipper_ph,order_id) values ('31722-334', '2019-02-05', '5662711722','115024763-0');
insert into shipping (tracking_id, shipping_date, shipper_ph,order_id) values ('0280-6080', '2019-09-17', '7798331082','244066966-0');
insert into shipping (tracking_id, shipping_date, shipper_ph,order_id) values ('76485-1022', '2019-02-08', '3547388122','446688955-4');
insert into shipping (tracking_id, shipping_date, shipper_ph,order_id) values ('0067-5010', '2019-07-20', '7888465952','665177998-2');
insert into shipping (tracking_id, shipping_date, order_id) values ('36800-194', '2019-06-06','853884795-3');
insert into shipping (tracking_id, shipping_date, shipper_ph,order_id) values ('0363-0673', '2019-07-01', '9714714681','435840050-7');
insert into shipping (tracking_id, shipping_date, shipper_ph,order_id) values ('63550-811', '2019-08-20', '5947541107','347251155-9');
insert into shipping (tracking_id, shipping_date, shipper_ph,order_id) values ('36800-117', '2019-09-28', '1035603627','511794252-3');
insert into shipping (tracking_id, shipping_date, shipper_ph,order_id) values ('54868-6273', '2019-02-21', '7008644769','050607747-0');
insert into shipping (tracking_id, shipping_date, shipper_ph,order_id) values ('11822-5458', '2020-01-05', '9957419628','015204175-3');
insert into shipping (tracking_id, shipping_date, shipper_ph,order_id) values ('63323-692', '2019-04-21', '3845282180','505046857-4');
insert into shipping (tracking_id, shipping_date, shipper_ph,order_id) values ('49730-112', '2019-05-10', '3788980819','462218520-2');
insert into shipping (tracking_id, shipping_date, shipper_ph,order_id) values ('49288-0374', '2019-06-05', '2168590758','395863545-8');
insert into shipping (tracking_id, shipping_date, shipper_ph,order_id) values ('0378-0473', '2020-01-23', '1345322970','112301723-9');






insert into shop(s_id,s_address,s_ph,s_zipcode) values( '102','143 termount street','6543211138','02115');
insert into shop(s_id,s_address,s_ph,s_zipcode) values( '104','09 jamican plain','6543871138','02115');
insert into shop(s_id,s_address,s_ph,s_zipcode) values( '103','883 harvard center','6543231138','02117');
insert into shop(s_id,s_address,s_ph,s_zipcode) values( '101','542 state street','6541111138','02117');
insert into shop(s_id,s_address,s_ph,s_zipcode) values( '100','462 staford avenue','6533211148','02115');
insert into shop(s_id,s_address,s_ph,s_zipcode) values( '105','17 becon street','65432111148','02113');
insert into shop(s_id,s_address,s_ph,s_zipcode) values( '106','06 marshal corner','6543711138','02113');


insert into products (p_category, p_id, price, p_description ) values ('Grocery', '#356', '82.17', 'Appetizer - Mushroom Tart');
insert into products (p_category, p_id, price, p_description ) values ('Beauty', '#bf3', '82.24', 'Vitaminc -1500mg');
insert into products (p_category, p_id, price, p_description ) values ('Clothing', '#107', '43.22', 'Oneshot Automatic Soap System');
insert into products (p_category, p_id, price, p_description ) values ('Jewelery', '#f0b', '60.48', 'Seaweed Green ring-150kt');
insert into products (p_category, p_id, price, p_description ) values ('Wine', '#20d', '15.75', 'Wine - White, Chardonnay');
insert into products (p_category, p_id, price, p_description ) values ('Grocery', '#ff4', '44.17', 'Bread - Focaccia Quarter');
insert into products (p_category, p_id, price, p_description ) values ('Books', '#9eb', '17.60', 'Why me - James Cartel');
insert into products (p_category, p_id, price, p_description ) values ('Shoes', '#636', '38.24', 'Bread 143 - NIKE');
insert into products (p_category, p_id, price, p_description ) values ('Sports', '#8c4', '11.16', 'Russian squash');
insert into products (p_category, p_id, price, p_description ) values ('Grocery', '#d58', '44.20', 'Beans - Soya Bean');
insert into products (p_category, p_id, price, p_description ) values ('Tools', '#100', '8.15', 'Puree - Pear');
insert into products (p_category, p_id, price, p_description ) values ('Music', '#eb2', '62.94', 'Pheasants - Whole');
insert into products (p_category, p_id, price, p_description ) values ('Grocery', '#b76', '19.56', 'Muffin Mix - Blueberry');
insert into products (p_category, p_id, price, p_description ) values ('Home', '#240', '6.08', 'Brandy Cherry - Bedsheets');
insert into products (p_category, p_id, price, p_description ) values ('Movies', '#17e', '8.93', 'Make My Cheese - Pied De Vents');
insert into products (p_category, p_id, price, p_description ) values ('Shoes', '#7b1', '23.48', 'Alpha 420 - Reebok');
insert into products (p_category, p_id, price, p_description ) values ('Grocery', '#5b9', '88.44', 'Wasabi Powder');
insert into products (p_category, p_id, price, p_description ) values ('Industrial', '#768', '15.87', 'Hammer - Pepper Boy');
insert into products (p_category, p_id, price, p_description ) values ('Grocery', '#0cd', '27.51', 'Chocolate - Milk, Callets');
insert into products (p_category, p_id, price, p_description ) values ('Computers', '#bc6', '75.97', 'G401 - Logitec');
insert into products (p_category, p_id, price, p_description ) values ('Industrial', '#222', '88.88', 'SrewDriver - 160mm');
insert into products (p_category, p_id, price, p_description ) values ('Grocery', '#a89', '19.59', 'Mustard - Dry, Powder');
insert into products (p_category, p_id, price, p_description ) values ('Grocery', '#9bd', '11.82', 'Bar Energy Chocchip');
insert into products (p_category, p_id, price, p_description ) values ('Books', '#180', '14.77', 'Crush It - John Wick');
insert into products (p_category, p_id, price, p_description ) values ('Industrial', '#81f', '7.63', 'Hickory Smoke, Liquid');
insert into products (p_category, p_id, price, p_description ) values ('Books', '#c7c', '76.61', 'How To Survive-Newton Santi');
insert into products (p_category, p_id, price, p_description ) values ('Grocery', '#ea4', '7.47', 'Cheese - Parmigiano Reggiano');
insert into products (p_category, p_id, price, p_description ) values ('Music', '#0ce', '29.62', 'Country Roll-Kevin Spice');
insert into products (p_category, p_id, price, p_description ) values ('Health', '#c05', '62.90', 'Ecolab - Power Fusion');
insert into products (p_category, p_id, price, p_description ) values ('Grocery', '#983', '54.03', 'Crab - Meat Combo');
insert into products (p_category, p_id, price, p_description ) values ('Books', '#e37', '91.32', 'Homesepiens - Mark Luther');
insert into products (p_category, p_id, price, p_description ) values ('Grocery', '#b41', '74.36', 'Pastry - Key Limepoppy Seed Tea');
insert into products (p_category, p_id, price, p_description ) values ('Books', '#752', '35.94', 'Pass My Test - Princton Review');
insert into products (p_category, p_id, price, p_description ) values ('Grocery', '#c18', '62.03', 'Shrimp - 16/20, Iqf, Shell On');
insert into products (p_category, p_id, price, p_description ) values ('Computers', '#22a', '44.26', 'RAM - Hyper X 12GB');
insert into products (p_category, p_id, price, p_description ) values ('Grocery', '#b21', '5.56', 'Juice - Pineapple, 48 Oz');
insert into products (p_category, p_id, price, p_description ) values ('Wine', '#910', '71.42', 'Wine - White, Colubia Cresh');
insert into products (p_category, p_id, price, p_description ) values ('Tools', '#8a3', '28.21', 'Tester - Jumbo 165mm');
insert into products (p_category, p_id, price, p_description ) values ('Grocery', '#002', '49.06', 'Cheese - Ermite Bleu');
insert into products (p_category, p_id, price, p_description ) values ('Kids', '#cac', '50.25', 'Playbord - chesse 150*150mm');
insert into products (p_category, p_id, price, p_description ) values ('Outdoors', '#b63', '11.37', 'Dawn Professionl Pot And Pan');
insert into products (p_category, p_id, price, p_description ) values ('Home', '#5fe', '48.29', 'Shan White Bedsheet');
insert into products (p_category, p_id, price, p_description ) values ('Health', '#956', '33.49', 'Kamboocha - French Ven');
insert into products (p_category, p_id, price, p_description ) values ('Health', '#ed9', '51.63', 'No Sugar Water - Strawberry');
insert into products (p_category, p_id, price, p_description ) values ('Grocery', '#424', '49.67', 'Beef - Ox Tongue');
insert into products (p_category, p_id, price, p_description ) values ('Tools', '#3d2', '48.09', 'Panto, 355 Ml');
insert into products (p_category, p_id, price, p_description ) values ('Grocery', '#137', '47.62', 'Cranberries - Dry');
insert into products (p_category, p_id, price, p_description ) values ('Grocery', '#26a', '75.28', 'Chocolate - Dark Callets');
insert into products (p_category, p_id, price, p_description ) values ('Wine', '#dfc', '69.64', 'Wine - White, Ej Gallo');
insert into products (p_category, p_id, price, p_description ) values ('Music', '#293', '56.90', 'Katty Perry - Love The World');


insert into brand (b_name, b_id) values ('FACE VALUES ', '#10A');
insert into brand (b_name, b_id) values ('Shang Shi Zhi ', '#10B');
insert into brand (b_name, b_id) values ('Good Neighbor', '#10C');
insert into brand (b_name, b_id) values ('ISOSORBIDE', '#10D');
insert into brand (b_name, b_id) values ('Pepsi', '#10E');
insert into brand (b_name, b_id) values ('Nature Vally', '#10F');
insert into brand (b_name, b_id) values ('Plantus', '#10G');
insert into brand (b_name, b_id) values ('Good Galley', '#10H');
insert into brand (b_name, b_id) values ('Targus Industries', '#10I');
insert into brand (b_name, b_id) values ('Atorvastatin Calcium', '#10J');
insert into brand (b_name, b_id) values ('Paulas Choice', '#10K');
insert into brand (b_name, b_id) values ('Britania', '#10L');
insert into brand (b_name, b_id) values ('Astro Music', '#10M');
insert into brand (b_name, b_id) values ('Orange City', '#10N');
insert into brand (b_name, b_id) values ('Torblent', '#10O');
insert into brand (b_name, b_id) values ('Coca Cola', '#10P');
insert into brand (b_name, b_id) values ('West Cottonwood', '#10Q');
insert into brand (b_name, b_id) values ('Nike', '#10R');
insert into brand (b_name, b_id) values ('Reebok', '#10S');
insert into brand (b_name, b_id) values ('Queen Records', '#10T');
insert into brand (b_name, b_id) values ('John Degree', '#10W');

select customer_id from customer;


INSERT INTO selects(customer_id, p_id,s_id) VALUES (6234619, '#002','100');
INSERT INTO selects(customer_id, p_id,s_id) VALUES(7298459, '#0cd','101');
INSERT INTO selects(customer_id, p_id,s_id) VALUES(9081804, '#100','103');
INSERT INTO selects(customer_id, p_id,s_id) VALUES(9230968, '#107','104');
select * from selects;
INSERT INTO selects(customer_id, p_id,s_id) VALUES  (6234619, '#002','104'),(7298459, '#0cd','105'),(8685554, '#0ce','106') ;
INSERT INTO selects(customer_id, p_id,s_id) VALUES  (6234619, '#002','106')



INSERT INTO selects(customer_id, p_id,s_id) VALUES(9968259, '#137','103');
INSERT INTO selects(customer_id, p_id,s_id) VALUES(12394942, '#17e','104');
INSERT INTO selects(customer_id, p_id,s_id) VALUES(12946837, '#180','105');
INSERT INTO selects(customer_id, p_id,s_id) VALUES(13194919, '#20d','106');

INSERT INTO selects(customer_id, p_id,s_id) VALUES(15127350, '#22a','102');


INSERT INTO selects(customer_id, p_id,s_id) VALUES(19569584, '#356','106') ;

INSERT INTO selects(customer_id, p_id,s_id) VALUES  (6234619, '#180','104');




INSERT INTO selects(customer_id, p_id,s_id) VALUES(19569584, '#b76','102');
INSERT INTO selects(customer_id, p_id,s_id) VALUES(19753762, '#bc6','105');
INSERT INTO selects(customer_id, p_id,s_id) VALUES(19782669, '#bf3','104');
INSERT INTO selects(customer_id, p_id,s_id) VALUES(20732208, '#8c4','102');

INSERT INTO selects(customer_id, p_id,s_id) VALUES (21901772, '#956','101');
INSERT INTO selects(customer_id, p_id,s_id) VALUES(22266607, '#983','102');
INSERT INTO selects(customer_id, p_id,s_id) VALUES(22525187, '#9bd','105');

INSERT INTO selects(customer_id, p_id,s_id) VALUES(24615895, '#20d','103');


INSERT INTO selects(customer_id, p_id,s_id) VALUES(25304250, '#240','106');

INSERT INTO selects(customer_id, p_id,s_id) VALUES(35697065, '#8a3','101');
INSERT INTO selects(customer_id, p_id,s_id) VALUES(35974600, '#8c4','102');


INSERT INTO selects(customer_id, p_id,s_id) VALUES(38314484, '#9bd','106');
INSERT INTO selects(customer_id, p_id,s_id) VALUES(40259366, '#9eb','101');
INSERT INTO selects(customer_id, p_id,s_id) VALUES(41206337, '#c18','102');
INSERT INTO selects(customer_id, p_id,s_id) VALUES(45582816, '#c7c','101');
INSERT INTO selects(customer_id, p_id,s_id) VALUES(46276893, '#cac','101');


select * from selects;


INSERT INTO selects(customer_id, p_id,s_id) VALUES  (13194919, '#cac','101'),(13194919, '#d58','102'),(13194919, '#dfc','103'),(13194919, '#e37','104'),(13194919, '#ea4','105'),(13194919, '#eb2','106'),(13194919, '#ed9','101'),(13194919, '#f0b','102'),(13194919, '#dfc','103'),(13194919, '#e37','106'),(13194919, '#ea4','101'),(13194919, '#eb2','102'),(13194919, '#ed9','103'),(13194919, '#f0b','104'),(13194919, '#c05','105') ;
INSERT INTO has(p_id, b_id) VALUES  ('#002', '#10A'),('#0cd', '#10B'),('#0ce', '#10C'),('#100', '#10D'),('#107', '#10E'),('#137', '#10F'),('#17e', '#10G'),('#180', '#10H'),('#20d', '#10I'),('#222', '#10J'),('#22a', '#10K'),('#240', '#10L'),('#26a', '#10M'),('#293', '#10N'),('#356', '#10O') ;

select b_name from brand inner join has on brand.b_id=has.b_id where p_id="#356" ; 
INSERT INTO has(p_id, b_id) VALUES  ('#3d2', '#10A'),('#424', '#10B'),('#5b9', '#10C'),('#5fe', '#10D'),('#636', '#10E'),('#752', '#10F'),('#768', '#10G'),('#7b1', '#10H'),('#81f', '#10I'),('#8a3', '#10J'),('#8c4', '#10K'),('#910', '#10L'),('#956', '#10M'),('#983', '#10N'),('#9bd', '#10O') ;
INSERT INTO has(p_id, b_id) VALUES  ('#9eb', '#10A'),('#a89', '#10B'),('#b21', '#10C'),('#b41', '#10D'),('#b63', '#10E'),('#b76', '#10F') ;
INSERT INTO has(p_id, b_id) VALUES  ('#bc6', '#10H'),('#bf3', '#10I'),('#c05', '#10J'),('#c18', '#10K'),('#c7c', '#10L'),('#cac', '#10M'),('#d58', '#10N'),('#dfc', '#10O'),('#e37', '#10P'),('#ea4', '#10Q'),('#eb2', '#10R'),('#ed9', '#10S'),('#f0b', '#10T') ;

INSERT INTO stock(st_id, st_category,st_quantity,p_id) VALUES  ('1', 'Grocery','21','#002'),('2', 'Grocery','23','#0cd'),('3', 'Music','24','#0ce'),('4', 'Tools','10','#100'),('5', 'Clothing','5','#107'),('6', 'Grocery','23','#137'),('7', 'Movies','56','#17e'),('8', 'Books','47','#180'),('9', 'Wine','43','#20d'),('10', 'Industrial','35','#222'),('11', 'Computers','43','#22a'),('12', 'Home','45','#240'),('13', 'Grocery','46','#26a'),('14', 'Music','47','#293'),('15', 'Grocery','1','#356'),('16', 'Tools','24','#3d2'),('17', 'Grocery','23','#424'),('18', 'Grocery','4','#5b9'),('19', 'Home','43','#5fe'),('20', 'Shoes','54','#636'),('21', 'Books','67','#752'),('22', 'Industrial','87','#768'),('23', 'Shoes','65','#7b1'),('24', 'Industrial','54','#81f'),('25', 'Tools','76','#8a3'),('26', 'Sports','98','#8c4'),('27', 'Wine','9','#910'),('28', 'Health','87','#956'),('29', 'Grocery','65','#983'),('30', 'Grocery','54','#9bd'),('31', 'Books','12','#9eb'),('32', 'Grocery','15','#a89'),('33', 'Grocery','24','#b21'),('34', 'Grocery','15','#b41'),('35', 'Outdoors','6','#b63'),('36', 'Grocery','55','#b76'),('37', 'Computers','100','#bc6'),('38', 'Beauty','62','#bf3'),('39', 'Health','73','#c05'),('40', 'Grocery','76','#c18'),('41', 'Books','87','#c7c'),('42', 'Kids','88','#cac'),('43', 'Grocery','88','#d58'),('44', 'Wine','15','#dfc'),('45', 'Books','2','#e37'),('46', 'Grocery','43','#ea4'),('47', 'Music','76','#eb2'),('48', 'Health','76','#ed9'),('49', 'Jewelery','65','#f0b') ;





INSERT INTO added_to(p_id,order_id) values('#5fe','415679512-8');
INSERT INTO added_to(p_id,order_id) values('#5fe','415679512-8');
INSERT INTO added_to(p_id,order_id) values('#3d2','415679512-8');
INSERT INTO added_to(p_id,order_id) values('#240','415679512-8');
INSERT INTO added_to(p_id,order_id) values('#752','415679512-8');
INSERT INTO added_to(p_id,order_id) values('#768','415679512-8');

INSERT INTO added_to(p_id,order_id) values('#107','459161795-6');
INSERT INTO added_to(p_id,order_id) values('#180','459161795-6');
INSERT INTO added_to(p_id,order_id) values('#0ce','459161795-6');
INSERT INTO added_to(p_id,order_id) values('#22a','459161795-6');
INSERT INTO added_to(p_id,order_id) values('#240','459161795-6');
INSERT INTO added_to(p_id,order_id) values('#002','459161795-6');
INSERT INTO added_to(p_id,order_id) values('#002','459161795-6');
INSERT INTO added_to(p_id,order_id) values('#17e','459161795-6');
INSERT INTO added_to(p_id,order_id) values('#17e','620731637-1');

INSERT INTO added_to(p_id,order_id) values('#c7c','641573058-4');
INSERT INTO added_to(p_id,order_id) values('#cac','641573058-4');
INSERT INTO added_to(p_id,order_id) values('#bf3','641573058-4');
INSERT INTO added_to(p_id,order_id) values('#ea4','641573058-4');
INSERT INTO added_to(p_id,order_id) values('#ea4','431069777-2');
INSERT INTO added_to(p_id,order_id) values('#002','431069777-2');
INSERT INTO added_to(p_id,order_id) values('#bc6','431069777-2');
INSERT INTO added_to(p_id,order_id) values('#ea4','431069777-2');
INSERT INTO added_to(p_id,order_id) values('#ea4','431069777-2');
INSERT INTO added_to(p_id,order_id) values('#180','431069777-2');
select order_id from cart;










